{
    "result": [
        {
            "1000041.cif": -2.113253593444824
        }
    ],
    "calculation_time [sec]": 0.0029942989349365234
}