{
    "result": [
        {
            "1000041.cif": -0.6838362216949463
        }
    ],
    "calculation_time [sec]": 0.0026450157165527344
}