{
    "result": [
        {
            "1000041.cif": 0.3124755620956421
        }
    ],
    "calculation_time [sec]": 0.0025110244750976562
}