{
    "result": [
        {
            "1000041.cif": 4.774054527282715
        }
    ],
    "calculation_time [sec]": 1.1701242923736572
}